{"name":"foco","identifier":"KZ2T4MUE8U","description":null,"slotTypeName":"AMAZON.AlphaNumeric","obfuscationSetting":null,"valueElicitationSetting":{"slotCaptureSetting":{"codeHook":null,"captureResponse":null,"captureNextStep":{"intent":{"name":null,"slots":null},"sessionAttributes":null,"dialogAction":{"type":"EvaluateConditional","slotToElicit":null,"suppressNextMessage":null}},"captureConditional":{"isActive":true,"conditionalBranches":[{"name":"Branch1","response":null,"condition":{"expressionString":"{foco}=\"emagrecimento\""},"nextStep":{"intent":{"name":null,"slots":null},"sessionAttributes":{"foco":"emagrecimento"},"dialogAction":{"type":"ElicitSlot","slotToElicit":"emagrecimento","suppressNextMessage":null}}},{"name":"Branch2","response":null,"condition":{"expressionString":"{foco}=\"hipertrofia\""},"nextStep":{"intent":{"name":null,"slots":null},"sessionAttributes":{"foco":"hipertrofia"},"dialogAction":{"type":"ElicitSlot","slotToElicit":"hipertrofia","suppressNextMessage":null}}}],"defaultBranch":{"response":null,"nextStep":{"intent":{"name":null,"slots":null},"sessionAttributes":null,"dialogAction":{"type":"EndConversation","slotToElicit":null,"suppressNextMessage":null}}}},"failureResponse":null,"failureNextStep":{"intent":{"name":null,"slots":null},"sessionAttributes":null,"dialogAction":{"type":"ElicitIntent","slotToElicit":null,"suppressNextMessage":null}},"failureConditional":null,"elicitationCodeHook":{"enableCodeHookInvocation":true,"invocationLabel":null}},"slotConstraint":"Required","promptSpecification":{"messageGroupsList":[{"message":{"ssmlMessage":null,"customPayload":null,"plainTextMessage":{"value":"Qual é o seu objetivo {nome} Emagrecimento ou Hipertrofia?"},"imageResponseCard":null},"variations":null}],"maxRetries":4,"messageSelectionStrategy":"Random","allowInterrupt":true,"promptAttemptsSpecification":{"Retry3":{"textInputSpecification":{"startTimeoutMs":30000},"allowedInputTypes":{"allowAudioInput":true,"allowDTMFInput":true},"audioAndDTMFInputSpecification":{"startTimeoutMs":4000,"audioSpecification":{"endTimeoutMs":640,"maxLengthMs":15000},"dtmfSpecification":{"maxLength":513,"endTimeoutMs":5000,"deletionCharacter":"*","endCharacter":"#"}},"allowInterrupt":true},"Initial":{"textInputSpecification":{"startTimeoutMs":30000},"allowedInputTypes":{"allowAudioInput":true,"allowDTMFInput":true},"audioAndDTMFInputSpecification":{"startTimeoutMs":4000,"audioSpecification":{"endTimeoutMs":640,"maxLengthMs":15000},"dtmfSpecification":{"maxLength":513,"endTimeoutMs":5000,"deletionCharacter":"*","endCharacter":"#"}},"allowInterrupt":true},"Retry2":{"textInputSpecification":{"startTimeoutMs":30000},"allowedInputTypes":{"allowAudioInput":true,"allowDTMFInput":true},"audioAndDTMFInputSpecification":{"startTimeoutMs":4000,"audioSpecification":{"endTimeoutMs":640,"maxLengthMs":15000},"dtmfSpecification":{"maxLength":513,"endTimeoutMs":5000,"deletionCharacter":"*","endCharacter":"#"}},"allowInterrupt":true},"Retry4":{"textInputSpecification":{"startTimeoutMs":30000},"allowedInputTypes":{"allowAudioInput":true,"allowDTMFInput":true},"audioAndDTMFInputSpecification":{"startTimeoutMs":4000,"audioSpecification":{"endTimeoutMs":640,"maxLengthMs":15000},"dtmfSpecification":{"maxLength":513,"endTimeoutMs":5000,"deletionCharacter":"*","endCharacter":"#"}},"allowInterrupt":true},"Retry1":{"textInputSpecification":{"startTimeoutMs":30000},"allowedInputTypes":{"allowAudioInput":true,"allowDTMFInput":true},"audioAndDTMFInputSpecification":{"startTimeoutMs":4000,"audioSpecification":{"endTimeoutMs":640,"maxLengthMs":15000},"dtmfSpecification":{"maxLength":513,"endTimeoutMs":5000,"deletionCharacter":"*","endCharacter":"#"}},"allowInterrupt":true}}},"defaultValueSpecification":null,"sampleUtterances":null,"waitAndContinueSpecification":null},"multipleValuesSetting":null}